,Docking,Fitness
Ala237ARG8,0.068553349,0.004525455
Ala237PRO6,0.195612094,-0.10263963
Ala237ARG1,0.256438237,-0.016577575
Ala237PRO8,0.401300756,0.020260017
Ala237PRO,0.462904249,-1.102241223
Ala237PHE8,0.500087889,0.037788561
Ala237HIS4,0.532748538,-0.012671491
Ala237LYS9,0.561465904,-0.043570872
Ala237TRP9,0.578011443,-0.102446651
Ala237ASN7,0.591896186,0.032452024
Ala237ARG,0.614140774,-0.825289685
Ala237ASP1,0.625272807,0.011165413
Ala237LYS8,0.629811918,0.050039453
Ala237PHE3,0.648706897,-1.070464133
Ala237PHE6,0.661873156,-0.186534808
Ala237TYR8,0.66584637,0.060295902
Ala237TYR3,0.691644562,-0.809717626
Ala237ASP4,0.694736842,-0.037114721
Ala237HIS3,0.701425729,-0.238335814
Ala237LYS,0.710050729,-0.893441948
Ala237ASP7,0.716896186,-0.062857197
Ala237ASP2,0.725669291,0.115705746
Ala237TYR6,0.730088496,-0.115178899
Ala237HIS8,0.730181051,0.021962314
Ala237PRO4,0.763450292,0.063233464
Ala237ASP3,0.767241379,-0.801877015
Ala237GLU2,0.771023622,-0.080820869
Ala237ASP,0.771084337,-0.615296508
Ala237LEU2,0.775905512,-0.03820861
Ala237ASP9,0.791866399,-0.003664598
Ala237PRO3,0.793766578,-1.164525442
Ala237ASP8,0.795746177,-0.066480496
Ala237CYS2,0.805511811,0.085510553
Ala237ASN8,0.810159958,0.072909737
Ala237ASP6,0.817109145,-0.04087178
Ala237PRO9,0.819545384,-0.001552134
Ala237HIS6,0.82079646,-0.134000292
Ala237ILE8,0.827034628,0.047449706
Ala237ASN2,0.838740157,0.061930088
Ala237GLN2,0.85496063,-0.057392436
Ala237CYS7,0.857786017,0.1744241
Ala237ARG4,0.860672515,0.064081392
Ala237GLY4,0.86125731,0.063184868
Ala237GLU3,0.867539788,-1.133254963
Ala237ASN1,0.871017023,-0.021095286
Ala237PHE9,0.873820937,-0.133582059
Ala237HIS9,0.886500696,-0.06652944
Ala237TYR9,0.886809958,-0.023657859
Ala237GLU1,0.892186818,-0.038487695
Ala237PHE5,0.894970825,0.051361368
Ala237GLU4,0.899415205,-0.037808391
Ala237ILE2,0.905984252,0.045702267
Ala237ILE,0.907260621,-0.654003001
Ala237GLN,0.911699429,-0.469520271
Ala237ARG7,0.912870763,-0.020713655
Ala237ASP5,0.913864962,-0.040957601
Ala237SER1,0.916630292,0.037238876
Ala237CYS1,0.920995199,-0.001947512
Ala237TYR4,0.922368421,0.00899339
Ala237PHE4,0.923830409,0.039385234
Ala237GLY3,0.923905836,-0.068371772
Ala237GLY9,0.925003866,0.021531263
Ala237SER4,0.93245614,0.018183173
Ala237GLY,0.934686113,-0.070134264
Ala237LYS6,0.936946903,-0.127582441
Ala237THR4,0.939766082,0.051125152
Ala237LYS4,0.944883041,0.063863985
Ala237ARG9,0.950208752,-0.024625297
Ala237GLU,0.950697527,-0.724050872
Ala237ASN4,0.954532164,-0.05443507
Ala237ASN,0.954660748,-0.270929893
Ala237GLY7,0.956038136,0.006784125
Ala237GLY6,0.967367257,0.300339662
Ala237ARG3,0.973640584,-0.773287188
Ala237VAL1,0.973810563,0.062704017
Ala237THR3,0.975298408,0.800923349
Ala237GLY2,0.976692913,0.018856585
Ala237GLN4,0.980555556,0.091728889
Ala237LEU,0.98065948,-0.281734197
Ala237VAL2,0.985511811,0.039602201
Ala237ILE1,0.986687036,0.078519116
Ala237GLY8,0.986816664,0.043737285
Ala237THR9,0.987938766,0.081956128
Ala237THR,0.987951807,-0.288523096
Ala237CYS4,0.997660819,0.170996051
Ala237GLU6,1.003134218,-0.08278537
Ala237SER,1.004755866,-0.126545217
Ala237SER9,1.010978816,0.171928283
Ala237THR2,1.012598425,0.071551097
Ala237VAL,1.012840837,-0.354447925
Ala237SER8,1.013534892,0.014323734
Ala237SER3,1.013925729,0.805627635
Ala237SER2,1.01480315,0.048383654
Ala237GLY1,1.018114361,-0.013863812
Ala237ASN3,1.018401857,0.964140441
Ala237CYS,1.031547242,-0.575093546
Ala237VAL4,1.031871345,0.057527226
Ala237ASN6,1.03410767,0.015174086
Ala237VAL6,1.035951327,-0.043110602
Ala237CYS8,1.039374231,-0.046245188
Ala237THR6,1.04240413,0.070529468
Ala237THR7,1.043167373,0.040955049
Ala237GLY5,1.044734649,0.054891092
Ala237ARG6,1.046828909,-0.105045154
Ala237CYS3,1.048242706,-0.807222698
Ala237SER6,1.048303835,0.032438712
Ala237GLN8,1.049745122,0.025158752
Ala237LEU4,1.050438596,-0.004849746
Ala237ASN9,1.055821865,-0.025459002
Ala237LEU8,1.055897346,0.04940962
Ala237THR1,1.061545177,0.039315275
Ala237TYR5,1.061683801,0.098228055
Ala237THR8,1.061698014,-0.017303638
Ala237GLU8,1.062928458,0.028365082
Ala237CYS9,1.063398794,0.031279667
Ala237SER7,1.067002119,0.026139407
Ala237ILE9,1.067883099,-0.04327493
Ala237LEU1,1.068965517,-0.061477193
Ala237GLU5,1.078910809,0.10666985
Ala237GLN1,1.084242689,-0.056274095
Ala237CYS6,1.08480826,-0.089165467
Ala237HIS5,1.087802167,0.052671108
Ala237LEU9,1.088294418,-0.023454465
Ala237VAL9,1.092314829,0.017096691
Ala237ILE4,1.098391813,0.066060562
Ala237GLU7,1.100370763,-0.013305467
Ala237ILE6,1.100663717,-0.048612903
Ala237LYS3,1.102619363,-1.179407087
Ala237SER5,1.103362045,0.062262939
Ala237GLU9,1.126024432,-0.106563217
Ala237GLN3,1.128812997,-0.414635167
Ala237GLN9,1.134993042,-0.086359831
Ala237LEU3,1.141412467,-0.036995254
Ala237ILE3,1.152851459,-0.164170796
Ala237VAL3,1.154343501,-0.245138076
Ala237ILE5,1.155598777,0.075054107
Ala237LEU6,1.161135693,-0.109084696
Ala237GLN6,1.174410029,-0.119193025
Ala237VAL8,1.185797152,0.011912098
Ala237CYS5,1.198388441,0.096910013
Ala237THR5,1.234787441,0.094900208
Ala237VAL7,1.236228814,0.030908138
Ala237LEU5,1.298138372,0.028199726
Ala237GLN5,1.351486524,0.152822334
Ala237ASN5,1.367879967,0.03920388
Ala237ARG5,1.501250347,0.341033518
Ala237LYS5,1.533759378,0.108749836
Ala237VAL5,1.562934148,0.030271343